{
  "timestamp": "2026-01-01T15:20:09.252423",
  "target_metric": 0.785,
  "best_model": "logistic_regression",
  "best_accuracy": 0.8048261178140526,
  "beats_target": true,
  "results": [
    {
      "model_name": "logistic_regression",
      "test_accuracy": 0.8048261178140526,
      "test_precision": 0.6571428571428571,
      "test_recall": 0.553475935828877,
      "test_f1": 0.6008708272859217,
      "test_roc_auc": 0.8424139089100725,
      "cv_accuracy_mean": 0.8007691436455555,
      "cv_accuracy_std": 0.006616655668397703,
      "cv_f1_mean": 0.5898684558449859,
      "cv_f1_std": 0.018365958052396877,
      "cv_roc_auc_mean": 0.8431454675523415,
      "cv_roc_auc_std": 0.008767099266875978,
      "train_time_seconds": 0.01912832260131836,
      "inference_time_seconds": 0.00021791458129882812,
      "inference_time_per_sample_ms": 0.00015465903569824565,
      "beats_target": true
    },
    {
      "model_name": "random_forest",
      "test_accuracy": 0.8005677785663591,
      "test_precision": 0.6555183946488294,
      "test_recall": 0.5240641711229946,
      "test_f1": 0.5824665676077266,
      "test_roc_auc": 0.840875506988039,
      "cv_accuracy_mean": 0.7965088909710568,
      "cv_accuracy_std": 0.00585010663069627,
      "cv_f1_mean": 0.5657068250477091,
      "cv_f1_std": 0.017950788464555625,
      "cv_roc_auc_mean": 0.8387506624851209,
      "cv_roc_auc_std": 0.008663320657434118,
      "train_time_seconds": 0.31029176712036133,
      "inference_time_seconds": 0.012974739074707031,
      "inference_time_per_sample_ms": 0.009208473438401015,
      "beats_target": true
    },
    {
      "model_name": "xgboost",
      "test_accuracy": 0.7991483321504613,
      "test_precision": 0.6491803278688525,
      "test_recall": 0.5294117647058824,
      "test_f1": 0.5832106038291606,
      "test_roc_auc": 0.8318724327675735,
      "cv_accuracy_mean": 0.7908281422143512,
      "cv_accuracy_std": 0.007288512577081367,
      "cv_f1_mean": 0.5597744488359622,
      "cv_f1_std": 0.024584080012277573,
      "cv_roc_auc_mean": 0.8314554297669486,
      "cv_roc_auc_std": 0.01435690111858988,
      "train_time_seconds": 0.07498621940612793,
      "inference_time_seconds": 0.000980377197265625,
      "inference_time_per_sample_ms": 0.0006957964494433108,
      "beats_target": true
    },
    {
      "model_name": "Ensemble (Stacking)",
      "test_accuracy": 0.7984386089425124,
      "test_precision": 0.0,
      "test_recall": 0.0,
      "test_f1": 0.554858934169279,
      "test_roc_auc": 0.833906843369759,
      "cv_accuracy_mean": NaN,
      "cv_accuracy_std": NaN,
      "cv_f1_mean": NaN,
      "cv_f1_std": NaN,
      "cv_roc_auc_mean": NaN,
      "cv_roc_auc_std": NaN,
      "train_time_seconds": 0.0,
      "inference_time_seconds": 0.0,
      "inference_time_per_sample_ms": 0.0,
      "beats_target": true
    },
    {
      "model_name": "lightgbm",
      "test_accuracy": 0.7963094393186657,
      "test_precision": 0.6407766990291263,
      "test_recall": 0.5294117647058824,
      "test_f1": 0.5797950219619327,
      "test_roc_auc": 0.8313983828050323,
      "cv_accuracy_mean": 0.793261807436085,
      "cv_accuracy_std": 0.008390178254615226,
      "cv_f1_mean": 0.5656014963479933,
      "cv_f1_std": 0.021436021563020918,
      "cv_roc_auc_mean": 0.8326546514896798,
      "cv_roc_auc_std": 0.013759719820701627,
      "train_time_seconds": 0.0627446174621582,
      "inference_time_seconds": 0.001744985580444336,
      "inference_time_per_sample_ms": 0.0012384567639775273,
      "beats_target": true
    },
    {
      "model_name": "Ensemble (Weighted Voting)",
      "test_accuracy": 0.794889992902768,
      "test_precision": 0.0,
      "test_recall": 0.0,
      "test_f1": 0.5731166912850812,
      "test_roc_auc": 0.8319873931127129,
      "cv_accuracy_mean": NaN,
      "cv_accuracy_std": NaN,
      "cv_f1_mean": NaN,
      "cv_f1_std": NaN,
      "cv_roc_auc_mean": NaN,
      "cv_roc_auc_std": NaN,
      "train_time_seconds": 0.0,
      "inference_time_seconds": 0.0,
      "inference_time_per_sample_ms": 0.0,
      "beats_target": true
    },
    {
      "model_name": "gradient_boosting",
      "test_accuracy": 0.7906316536550745,
      "test_precision": 0.6357388316151202,
      "test_recall": 0.4946524064171123,
      "test_f1": 0.556390977443609,
      "test_roc_auc": 0.8327649900539926,
      "cv_accuracy_mean": 0.7906267439585671,
      "cv_accuracy_std": 0.002289822513014428,
      "cv_f1_mean": 0.5597889759502375,
      "cv_f1_std": 0.014083296247074103,
      "cv_roc_auc_mean": 0.8345293121704955,
      "cv_roc_auc_std": 0.014088264416551506,
      "train_time_seconds": 1.1944427490234375,
      "inference_time_seconds": 0.0028603076934814453,
      "inference_time_per_sample_ms": 0.0020300267519385703,
      "beats_target": true
    },
    {
      "model_name": "adaboost",
      "test_accuracy": 0.7885024840312278,
      "test_precision": 0.677570093457944,
      "test_recall": 0.3877005347593583,
      "test_f1": 0.4931972789115646,
      "test_roc_auc": 0.8366348911105945,
      "cv_accuracy_mean": 0.7912325861554145,
      "cv_accuracy_std": 0.008426802535139277,
      "cv_f1_mean": 0.4958148705138533,
      "cv_f1_std": 0.038895525952031086,
      "cv_roc_auc_mean": 0.838973355399817,
      "cv_roc_auc_std": 0.008257985232386904,
      "train_time_seconds": 0.3868839740753174,
      "inference_time_seconds": 0.015418767929077148,
      "inference_time_per_sample_ms": 0.01094305743724425,
      "beats_target": true
    }
  ]
}