model_name,test_accuracy,test_precision,test_recall,test_f1,test_roc_auc,cv_accuracy_mean,cv_accuracy_std,cv_f1_mean,cv_f1_std,cv_roc_auc_mean,cv_roc_auc_std,train_time_seconds,inference_time_seconds,inference_time_per_sample_ms,beats_target
logistic_regression,0.8048261178140526,0.6571428571428571,0.553475935828877,0.6008708272859217,0.8424139089100725,0.8007691436455555,0.006616655668397703,0.5898684558449859,0.018365958052396877,0.8431454675523415,0.008767099266875978,0.01912832260131836,0.00021791458129882812,0.00015465903569824565,True
random_forest,0.8005677785663591,0.6555183946488294,0.5240641711229946,0.5824665676077266,0.840875506988039,0.7965088909710568,0.00585010663069627,0.5657068250477091,0.017950788464555625,0.8387506624851209,0.008663320657434118,0.31029176712036133,0.012974739074707031,0.009208473438401015,True
xgboost,0.7991483321504613,0.6491803278688525,0.5294117647058824,0.5832106038291606,0.8318724327675735,0.7908281422143512,0.007288512577081367,0.5597744488359622,0.024584080012277573,0.8314554297669486,0.01435690111858988,0.07498621940612793,0.000980377197265625,0.0006957964494433108,True
Ensemble (Stacking),0.7984386089425124,0.0,0.0,0.554858934169279,0.833906843369759,,,,,,,0.0,0.0,0.0,True
lightgbm,0.7963094393186657,0.6407766990291263,0.5294117647058824,0.5797950219619327,0.8313983828050323,0.793261807436085,0.008390178254615226,0.5656014963479933,0.021436021563020918,0.8326546514896798,0.013759719820701627,0.0627446174621582,0.001744985580444336,0.0012384567639775273,True
Ensemble (Weighted Voting),0.794889992902768,0.0,0.0,0.5731166912850812,0.8319873931127129,,,,,,,0.0,0.0,0.0,True
gradient_boosting,0.7906316536550745,0.6357388316151202,0.4946524064171123,0.556390977443609,0.8327649900539926,0.7906267439585671,0.002289822513014428,0.5597889759502375,0.014083296247074103,0.8345293121704955,0.014088264416551506,1.1944427490234375,0.0028603076934814453,0.0020300267519385703,True
adaboost,0.7885024840312278,0.677570093457944,0.3877005347593583,0.4931972789115646,0.8366348911105945,0.7912325861554145,0.008426802535139277,0.4958148705138533,0.038895525952031086,0.838973355399817,0.008257985232386904,0.3868839740753174,0.015418767929077148,0.01094305743724425,True
